obs_date,actual,predicted
2010-01-01,4.4,6.6367784
2010-01-02,0.4,4.6919575
2010-01-03,0.0,1.123986
2010-01-04,-2.6,0.4908787
2010-01-05,-0.5,-1.4013964
2010-01-06,0.5,1.3801169
2010-01-07,0.0,1.5562435
2010-01-08,1.2,1.5974983
2010-01-09,0.8,2.809188
2010-01-10,-0.1,1.482602
2010-01-11,-1.4,0.2686384
2010-01-12,-0.6,-1.255326
2010-01-13,0.0,0.17877956
2010-01-14,1.2,0.40360856
2010-01-15,2.6,1.7262832
2010-01-16,0.3,2.4184456
2010-01-17,3.8,1.260366
2010-01-18,4.6,4.5525723
2010-01-19,1.9,3.7654972
2010-01-20,-1.8,1.4304477
2010-01-21,-4.3,-0.8489508
2010-01-22,-5.3,-3.3443885
2010-01-23,-3.9,-4.5478826
2010-01-24,-3.2,-3.5411232
2010-01-25,-3.9,-1.1745543
2010-01-26,-4.4,-2.770778
2010-01-27,2.1,-2.4226732
2010-01-28,3.9,3.4327002
2010-01-29,3.4,4.1238575
2010-01-30,1.2,2.9351494
2010-01-31,1.7,1.7484263
2010-02-01,3.4,2.2347271
2010-02-02,5.9,3.585563
2010-02-03,1.9,6.129388
2010-02-04,3.9,2.0617704
2010-02-05,2.8,4.36174
2010-02-06,2.4,3.3649693
2010-02-07,-3.2,2.251322
2010-02-08,-2.2,-1.9403483
2010-02-09,-0.5,-1.2702978
2010-02-10,-1.6,1.8127468
2010-02-11,-1.3,0.46301955
2010-02-12,0.0,0.09743309
2010-02-13,-0.3,1.1633921
2010-02-14,0.2,0.95849425
2010-02-15,-1.0,0.9477839
2010-02-16,3.7,-0.426662
2010-02-17,2.9,4.215647
2010-02-18,5.6,3.4801881
2010-02-19,4.2,6.370286
2010-02-20,7.7,5.4215345
2010-02-21,7.3,7.313533
2010-02-22,7.0,7.867299
2010-02-23,9.9,6.7345915
2010-02-24,14.4,10.120815
2010-02-25,10.0,12.801602
2010-02-26,12.1,10.168679
2010-02-27,13.5,11.811203
2010-02-28,13.7,12.288053
2010-03-01,10.3,13.2639
2010-03-02,9.2,10.232482
2010-03-03,4.8,9.426124
2010-03-04,2.9,6.160868
2010-03-05,0.7,4.2507815
2010-03-06,0.3,3.0031362
2010-03-07,1.1,1.21775
2010-03-08,2.8,1.2913266
2010-03-09,4.0,3.6429076
2010-03-10,2.6,4.217225
2010-03-11,5.3,3.3757224
2010-03-12,6.3,6.4847007
2010-03-13,8.4,6.297316
2010-03-14,5.7,8.814559
2010-03-15,6.5,6.5113316
2010-03-16,10.2,8.035676
2010-03-17,16.6,10.56371
2010-03-18,18.5,15.639575
2010-03-19,16.1,17.173553
2010-03-20,16.8,14.311465
2010-03-21,16.1,15.827842
2010-03-22,18.2,17.001593
2010-03-23,18.4,18.51335
2010-03-24,19.6,18.195007
2010-03-25,22.8,18.910975
2010-03-26,17.2,21.772757
2010-03-27,14.6,16.766798
2010-03-28,19.9,14.802935
2010-03-29,21.4,19.666866
2010-03-30,15.9,20.381605
2010-03-31,17.1,10.570865
2010-04-01,11.1,12.868366
2010-04-02,15.7,11.423106
2010-04-03,17.7,17.121538
2010-04-04,13.4,14.42197
2010-04-05,13.6,11.851972
2010-04-06,15.4,14.702034
2010-04-07,18.4,16.401035
2010-04-08,19.2,18.132044
2010-04-09,13.1,18.46333
2010-04-10,10.9,12.622059
2010-04-11,7.5,12.501402
2010-04-12,10.5,7.041279
2010-04-13,9.7,12.155735
2010-04-14,10.4,13.132747
2010-04-15,16.1,14.718113
2010-04-16,15.2,17.122839
2010-04-17,16.0,16.013493
2010-04-18,20.5,15.849551
2010-04-19,20.2,19.588902
2010-04-20,17.4,17.201393
2010-04-21,14.9,18.062778
2010-04-22,11.0,16.448967
2010-04-23,18.9,13.344521
2010-04-24,22.2,20.066992
2010-04-25,22.4,21.677446
2010-04-26,20.1,19.495296
2010-04-27,19.1,16.99829
2010-04-28,23.1,19.60063
2010-04-29,25.9,22.91627
2010-04-30,23.6,25.477564
2010-05-01,19.2,19.290283
2010-05-02,18.1,18.98471
2010-05-03,18.0,17.620033
2010-05-04,13.3,17.933239
2010-05-05,21.7,16.144768
2010-05-06,18.9,22.67059
2010-05-07,17.9,17.577547
2010-05-08,20.5,19.432516
2010-05-09,21.2,21.37755
2010-05-10,22.1,18.334791
2010-05-11,19.7,22.74877
2010-05-12,19.7,21.412329
2010-05-13,13.9,16.935144
2010-05-14,13.4,18.227303
2010-05-15,10.8,14.937415
2010-05-16,14.6,13.077067
2010-05-17,14.3,17.405033
2010-05-18,14.2,18.521906
2010-05-19,14.1,16.380062
2010-05-20,17.4,15.690705
2010-05-21,21.5,18.220404
2010-05-22,21.2,19.672348
2010-05-23,25.2,19.364101
2010-05-24,24.1,21.725876
2010-05-25,22.1,20.12809
2010-05-26,20.5,19.515873
2010-05-27,23.4,19.747856
2010-05-28,22.3,23.251951
2010-05-29,21.4,22.216269
2010-05-30,15.2,19.960732
2010-05-31,15.1,17.526585
2010-06-01,12.9,17.50793
2010-06-02,20.1,18.361362
2010-06-03,21.6,20.613213
2010-06-04,24.4,22.588165
2010-06-05,26.8,24.65902
2010-06-06,26.7,26.259748
2010-06-07,28.7,26.210098
2010-06-08,29.8,27.779367
2010-06-09,30.5,28.998129
2010-06-10,32.2,29.222507
2010-06-11,30.7,30.251688
2010-06-12,27.2,26.447311
2010-06-13,21.3,24.198029
2010-06-14,22.5,23.508793
2010-06-15,16.5,21.150742
2010-06-16,20.2,18.971115
2010-06-17,22.6,22.07942
2010-06-18,19.2,22.999893
2010-06-19,17.1,20.553247
2010-06-20,16.0,20.451365
2010-06-21,20.5,19.125807
2010-06-22,22.9,22.705389
2010-06-23,23.2,24.323713
2010-06-24,25.1,24.334621
2010-06-25,25.2,26.434021
2010-06-26,26.0,26.079721
2010-06-27,27.1,26.531239
2010-06-28,28.3,27.346754
2010-06-29,29.8,28.210236
2010-06-30,29.6,29.527117
2010-07-01,30.5,29.463608
2010-07-02,30.6,29.702383
2010-07-03,29.2,30.348503
2010-07-04,27.7,29.14347
2010-07-05,24.3,27.911333
2010-07-06,22.9,22.026283
2010-07-07,26.3,24.382332
2010-07-08,29.7,27.535276
2010-07-09,31.3,30.696157
2010-07-10,32.7,30.560118
2010-07-11,32.9,31.226225
2010-07-12,31.4,31.688257
2010-07-13,33.4,30.211775
2010-07-14,34.1,32.1183
2010-07-15,32.4,29.097132
2010-07-16,31.2,30.29932
2010-07-17,26.6,27.494703
2010-07-18,22.1,24.894367
2010-07-19,28.2,24.487179
2010-07-20,31.9,28.740578
2010-07-21,32.6,31.640627
2010-07-22,29.9,32.037045
2010-07-23,25.6,27.178637
2010-07-24,16.8,23.148973
2010-07-25,18.1,21.932522
2010-07-26,24.0,23.1784
2010-07-27,24.2,25.986794
2010-07-28,24.7,24.786333
2010-07-29,19.5,21.329239
2010-07-30,23.8,21.13166
2010-07-31,27.4,25.297712
2010-08-01,29.5,27.855104
2010-08-02,26.2,27.235563
2010-08-03,24.3,25.15851
2010-08-04,25.3,25.677769
2010-08-05,22.4,20.984402
2010-08-06,18.1,21.230427
2010-08-07,25.8,20.406912
2010-08-08,25.8,26.865213
2010-08-09,27.0,25.512165
2010-08-10,28.6,27.368042
2010-08-11,28.7,24.887854
2010-08-12,27.8,28.207945
2010-08-13,25.8,23.562397
2010-08-14,27.3,24.548704
2010-08-15,24.7,27.954416
2010-08-16,19.2,22.428734
2010-08-17,23.8,22.264116
2010-08-18,25.1,25.331072
2010-08-19,23.9,25.888678
2010-08-20,27.7,24.414143
2010-08-21,29.2,27.351667
2010-08-22,29.7,28.308979
2010-08-23,25.7,24.50616
2010-08-24,24.2,22.005793
2010-08-25,29.0,25.076433
2010-08-26,26.7,28.16106
2010-08-27,18.5,21.522182
2010-08-28,19.3,20.745686
2010-08-29,15.4,18.974586
2010-08-30,12.5,17.325102
2010-08-31,18.7,14.975245
2010-09-01,19.4,20.508848
2010-09-02,18.8,20.61238
2010-09-03,17.4,20.345865
2010-09-04,16.0,19.105919
2010-09-05,17.7,17.679691
2010-09-06,14.0,19.238272
2010-09-07,14.9,14.369822
2010-09-08,19.7,18.382164
2010-09-09,19.9,20.73893
2010-09-10,20.9,20.826275
2010-09-11,21.0,21.468163
2010-09-12,20.2,21.337568
2010-09-13,19.9,20.163006
2010-09-14,24.5,20.39813
2010-09-15,20.6,22.297789
2010-09-16,17.1,18.429518
2010-09-17,18.6,18.386599
2010-09-18,17.2,19.42226
2010-09-19,19.3,17.89706
2010-09-20,21.7,19.785912
2010-09-21,21.4,21.135277
2010-09-22,22.1,20.449791
2010-09-23,22.5,21.065033
2010-09-24,18.8,21.831785
2010-09-25,15.7,16.41881
2010-09-26,16.9,15.807225
2010-09-27,13.5,17.654118
2010-09-28,15.3,15.051875
2010-09-29,14.2,16.503044
2010-09-30,13.6,15.153732
2010-10-01,12.6,14.886685
2010-10-02,12.2,14.349807
2010-10-03,12.2,15.112122
2010-10-04,12.2,15.593582
2010-10-05,12.1,14.587083
2010-10-06,17.3,14.174407
2010-10-07,15.6,16.971777
2010-10-08,14.2,15.69565
2010-10-09,14.1,14.42251
2010-10-10,14.6,14.37799
2010-10-11,14.6,15.229919
2010-10-12,12.8,15.114432
2010-10-13,11.5,12.180485
2010-10-14,11.1,11.574242
2010-10-15,12.0,11.794058
2010-10-16,8.4,12.442662
2010-10-17,8.2,9.004524
2010-10-18,11.3,10.127671
2010-10-19,9.7,12.044098
2010-10-20,9.7,10.390949
2010-10-21,10.8,10.230441
2010-10-22,10.3,10.949962
2010-10-23,10.7,10.596205
2010-10-24,8.1,10.75781
2010-10-25,8.5,9.625189
2010-10-26,9.4,9.751755
2010-10-27,9.7,10.201949
2010-10-28,11.2,10.619064
2010-10-29,12.2,11.301816
2010-10-30,15.4,11.96361
2010-10-31,17.8,14.248846
2010-11-01,14.7,16.175913
2010-11-02,14.5,13.657801
2010-11-03,19.7,14.373718
2010-11-04,19.8,18.093084
2010-11-05,18.8,18.622826
2010-11-06,14.6,17.088936
2010-11-07,11.1,13.088098
2010-11-08,12.4,10.896913
2010-11-09,10.4,10.633817
2010-11-10,10.9,10.122837
2010-11-11,11.8,9.790792
2010-11-12,18.9,10.461886
2010-11-13,11.9,17.227716
2010-11-14,10.0,9.506856
2010-11-15,11.5,9.210839
2010-11-16,9.3,11.160014
2010-11-17,10.2,10.027013
2010-11-18,9.8,10.653443
2010-11-19,5.9,9.159859
2010-11-20,8.0,5.8277373
2010-11-21,10.3,9.3102455
2010-11-22,8.2,10.318891
2010-11-23,6.6,8.179571
2010-11-24,5.8,6.9378023
2010-11-25,5.0,5.925862
2010-11-26,3.1,5.4376907
2010-11-27,1.7,3.1780407
2010-11-28,1.7,2.2689474
2010-11-29,1.0,2.5758727
2010-11-30,-1.9,1.1566972
2010-12-01,2.4,-0.8474137
2010-12-02,-0.5,3.4908476
2010-12-03,-1.4,-0.03395115
2010-12-04,-3.0,-1.0409166
2010-12-05,0.2,-2.3259835
2010-12-06,5.9,1.152289
2010-12-07,5.4,4.421477
2010-12-08,9.1,4.8908916
2010-12-09,1.4,7.3977127
2010-12-10,4.5,2.4794724
2010-12-11,5.0,6.774813
2010-12-12,3.2,6.078576
2010-12-13,-3.6,1.4332994
2010-12-14,-3.1,-2.3454478
2010-12-15,-4.2,-0.65328074
2010-12-16,-4.9,-3.5389006
2010-12-17,-3.4,-3.2620826
2010-12-18,-6.2,-1.6347625
2010-12-19,0.9,-6.3502254
2010-12-20,-0.7,0.56888026
2010-12-21,1.1,0.24032517
2010-12-22,6.9,1.8703289
2010-12-23,8.8,6.064337
2010-12-24,4.2,8.254238
2010-12-25,-1.0,3.9466724
2010-12-26,-0.1,-0.9688551
2010-12-27,1.0,0.16852291
2010-12-28,-4.1,1.0275623
2010-12-29,-4.3,-3.2135968
2010-12-30,-1.9,-3.7732625
2010-12-31,2.5,-1.8760582
2011-01-01,3.0,2.1143687
2011-01-02,2.6,2.7020886
2011-01-07,3.5,3.4210687
2011-01-09,4.0,2.5793858
2011-01-11,9.0,4.422991
2011-01-12,10.4,7.2416115
2011-01-13,13.6,8.695657
2011-01-14,12.2,11.553748
2011-01-15,12.7,11.15762
2011-01-17,8.7,4.987449
2011-01-18,8.5,7.380362
2011-01-19,4.6,7.455482
2011-01-20,2.1,4.4946856
2011-01-22,1.8,1.8214931
2011-01-23,0.7,2.5534644
2011-01-25,3.2,4.1747217
2011-01-26,1.4,3.9275415
2011-01-28,-3.8,0.047554504
2011-01-29,-2.2,-2.3302069
2011-01-30,-2.8,-0.82424504
2011-01-31,-3.2,-0.8340461
2011-02-01,-0.7,-1.1939918
2011-02-02,4.1,0.3860584
2011-02-03,9.6,3.9663625
2011-02-04,10.9,8.592954
2011-02-05,13.0,9.834343
2011-02-06,17.7,11.308784
2011-02-08,9.4,7.910983
2011-02-09,7.6,7.73938
2011-02-10,13.1,7.113089
2011-02-11,10.9,11.031385
2011-02-13,0.3,2.0550456
2011-02-14,0.1,3.0022988
2011-02-16,1.8,2.1355927
2011-02-17,3.6,3.9684966
2011-02-18,3.5,5.199375
2011-02-21,-2.6,-1.1566399
2011-02-22,-2.1,-1.1371871
2011-02-23,0.4,-0.9280197
2011-02-24,1.3,2.4573388
2011-02-25,3.1,1.8828858
2011-02-26,4.8,3.9891062
2011-02-27,6.2,5.084618
2011-02-28,5.2,6.348952
2011-03-01,4.5,4.9185557
2011-03-02,2.2,4.4308643
2011-03-04,5.3,7.8035374
2011-03-05,7.1,5.453834
2011-03-06,4.6,6.9222145
2011-03-07,6.9,4.666635
2011-03-08,9.0,6.607729
2011-03-09,6.6,8.716097
2011-03-10,14.2,7.51155
2011-03-11,14.8,13.950306
2011-03-12,18.3,13.837287
2011-03-13,20.5,17.230942
2011-03-14,18.6,18.72817
2011-03-15,15.1,15.126485
2011-03-16,12.4,15.055504
2011-03-18,7.1,7.632179
2011-03-19,8.4,7.7632856
2011-03-20,10.6,9.361018
2011-03-21,14.4,10.591941
2011-03-22,16.1,14.065332
2011-03-23,19.0,15.85628
2011-03-24,20.5,18.015728
2011-03-25,16.0,19.51973
2011-03-26,11.3,15.959285
2011-03-27,12.1,11.962086
2011-03-28,16.8,13.424364
2011-03-29,19.2,17.450083
2011-03-30,20.4,19.682337
2011-03-31,18.9,19.36146
2011-04-01,20.2,15.97023
2011-04-02,21.1,19.376144
2011-04-03,19.3,20.002613
2011-04-04,15.4,17.580383
2011-04-05,18.6,15.531198
2011-04-06,26.2,18.806776
2011-04-07,23.3,24.28931
2011-04-08,17.6,20.117413
2011-04-09,17.6,16.307901
2011-04-10,19.4,16.658949
2011-04-11,18.4,18.718586
2011-04-13,9.0,11.35776
2011-04-14,10.7,8.661885
2011-04-15,14.8,13.343393
2011-04-16,17.3,15.72957
2011-04-17,18.7,17.177406
2011-04-18,20.0,18.409746
2011-04-19,21.9,19.387012
2011-04-20,24.3,21.667639
2011-04-21,24.3,23.789646
2011-04-22,25.2,23.738949
2011-04-23,21.7,24.290726
2011-04-24,18.7,20.183071
2011-04-25,13.7,19.3207
2011-04-26,19.7,14.651445
2011-04-27,21.4,19.256014
2011-04-28,21.2,21.942526
2011-04-29,20.8,19.145975
2011-04-30,17.1,17.723055
2011-05-01,17.6,15.57607
2011-05-02,15.7,19.271566
2011-05-04,14.6,15.773805
2011-05-05,18.1,17.523314
2011-05-06,21.5,19.493881
2011-05-07,17.4,21.851189
2011-05-09,24.3,21.648325
2011-05-10,26.0,24.43982
2011-05-11,26.1,26.088802
2011-05-12,23.1,25.76206
2011-05-14,15.7,22.319813
2011-05-15,18.4,16.38915
2011-05-16,19.7,20.31369
2011-05-17,23.9,22.117964
2011-05-18,27.3,24.757868
2011-05-19,26.5,26.752203
2011-05-20,27.0,25.571129
2011-05-21,27.5,26.131952
2011-05-22,26.1,26.475697
2011-05-24,25.2,28.407923
2011-05-26,23.8,26.633688
2011-05-28,23.1,14.311156
2011-05-29,25.1,24.640884
2011-05-30,28.2,25.86144
2011-05-31,23.6,27.53924
2011-06-01,19.9,24.305471
2011-06-02,27.8,22.70185
2011-06-03,27.8,23.782236
2011-06-05,27.6,27.157902
2011-06-06,28.3,27.820053
2011-06-07,26.0,28.628368
2011-06-08,20.2,20.516542
2011-06-09,22.5,20.910608
2011-06-10,24.3,24.420523
2011-06-11,21.7,25.249481
2011-06-12,25.1,23.135864
2011-06-13,24.5,26.236954
2011-06-14,26.6,25.170374
2011-06-15,29.4,26.904222
2011-06-16,25.4,28.948229
2011-06-17,21.7,25.10446
2011-06-19,21.6,17.665194
2011-06-20,28.3,23.418283
2011-06-21,30.3,28.363197
2011-06-22,27.4,29.670502
2011-06-25,21.8,20.948467
2011-06-26,25.7,22.247118
2011-06-27,26.3,26.69078
2011-06-28,29.3,26.795362
2011-06-29,27.5,29.113579
2011-06-30,21.9,26.86449
2011-07-02,15.4,21.073826
2011-07-03,22.5,19.91759
2011-07-04,22.6,24.654076
2011-07-05,27.7,23.055716
2011-07-06,30.8,27.608738
2011-07-07,28.9,29.843342
2011-07-08,32.8,28.180595
2011-07-09,31.1,30.98949
2011-07-10,27.4,30.673136
2011-07-11,27.9,25.672981
2011-07-12,32.6,28.30527
2011-07-13,31.1,32.053677
2011-07-15,26.6,21.829718
2011-07-16,31.0,28.003239
2011-07-17,28.5,31.541319
2011-07-18,27.5,27.207083
2011-07-19,25.0,28.571102
2011-07-20,18.3,25.854233
2011-07-21,21.7,18.796324
2011-07-22,19.6,22.399336
2011-07-23,18.1,22.361267
2011-07-24,18.8,20.567778
2011-07-25,18.2,21.666327
2011-07-26,24.9,21.352331
2011-07-27,21.2,25.52743
2011-07-29,20.9,22.71304
2011-07-31,20.3,20.58244
2011-08-01,26.2,22.93987
2011-08-02,27.9,27.575712
2011-08-03,24.6,27.867594
2011-08-04,27.5,24.241314
2011-08-05,27.2,27.776201
2011-08-06,28.7,27.16086
2011-08-07,18.5,29.06512
2011-08-09,18.5,23.723827
2011-08-11,26.3,26.680986
2011-08-12,24.7,26.767685
2011-08-13,28.5,25.095856
2011-08-14,29.4,28.102198
2011-08-16,27.3,24.243525
2011-08-17,30.5,27.371744
2011-08-18,28.0,29.718687
2011-08-19,26.7,26.736176
2011-08-20,29.0,27.072842
2011-08-21,33.4,28.881964
2011-08-22,35.2,30.790148
2011-08-23,33.3,30.290234
2011-08-25,35.7,31.06989
2011-08-26,31.3,31.95831
2011-08-28,25.9,20.688276
2011-08-29,23.8,27.23959
2011-08-30,23.6,24.88493
2011-08-31,24.2,25.136705
2011-09-01,26.9,25.21728
2011-09-02,28.9,24.626198
2011-09-03,31.4,27.616385
2011-09-04,30.9,28.873663
2011-09-07,19.8,24.489183
2011-09-08,21.4,20.908012
2011-09-09,27.5,22.316957
2011-09-10,30.5,26.891537
2011-09-11,26.7,28.958424
2011-09-13,25.4,28.63787
2011-09-14,22.5,23.80916
2011-09-15,21.6,22.187878
2011-09-16,22.1,21.620483
2011-09-17,28.5,21.985174
2011-09-20,20.0,13.961297
2011-09-21,22.1,19.532547
2011-09-22,20.6,21.246645
2011-09-23,20.8,19.785732
2011-09-24,23.8,20.17179
2011-09-25,24.1,23.239832
2011-09-26,24.3,23.392136
2011-09-27,22.4,24.023342
2011-09-28,22.7,21.072144
2011-09-29,23.9,22.443497
2011-09-30,25.8,23.481773
2011-10-01,24.4,24.644022
2011-10-02,24.4,23.174614
2011-10-03,25.4,23.682745
2011-10-04,23.3,23.945438
2011-10-06,19.3,22.861588
2011-10-07,10.8,14.056933
2011-10-08,10.0,12.508627
2011-10-15,10.2,11.553592
2011-10-17,13.4,12.110546
2011-10-18,13.4,12.95148
2011-10-19,8.6,12.762805
2011-10-20,10.4,9.8913555
2011-10-21,9.2,10.776525
2011-10-22,7.6,9.836207
2011-10-23,10.7,8.372172
2011-10-30,12.8,11.889542
2011-11-01,8.7,9.921153
2011-11-03,12.0,8.91716
2011-11-04,15.1,11.36476
2011-11-05,13.9,13.7164755
2011-11-06,11.1,12.108145
2011-11-07,12.7,10.592828
2011-11-08,10.5,11.665285
2011-11-09,8.3,10.109026
2011-11-10,7.0,8.567881
2011-11-11,8.3,7.1213126
2011-11-13,3.7,6.8477263
2011-11-14,3.2,4.3297176
2011-11-15,0.5,3.2233272
2011-11-16,0.8,1.2394927
2011-11-17,5.4,2.3237767
2011-11-18,4.6,5.4894876
2011-11-19,3.5,5.155929
2011-11-20,0.0,3.526567
2011-11-22,0.0,-0.284734
2011-11-23,0.6,1.6461487
2011-11-28,3.6,8.905431
2011-11-29,2.5,3.7205255
2011-11-30,2.5,3.1854305
2011-12-02,2.7,1.8300465
2011-12-03,10.8,3.5841353
2011-12-04,12.1,10.016087
2011-12-06,6.8,5.9243317
2011-12-07,7.2,6.6528096
2011-12-12,8.1,5.0030622
2011-12-13,6.3,7.0640907
2011-12-14,9.8,5.2844253
2011-12-16,9.3,5.651144
2011-12-17,5.1,8.23812
2011-12-18,3.6,4.615569
2011-12-19,3.1,3.4297965
2011-12-21,5.1,5.186034
2011-12-23,9.7,4.5198326
2011-12-24,6.8,8.542234
2011-12-29,6.3,4.902446
2011-12-30,6.9,4.7715874
2011-12-31,3.5,5.6646776
2012-01-02,9.8,4.1650357
2012-01-03,10.7,8.407183
2012-01-04,9.1,8.941098
2012-01-05,6.8,7.9124303
2012-01-06,5.7,6.328151
2012-01-07,5.3,6.5554647
2012-01-08,6.0,6.0509477
2012-01-14,2.5,4.1092052
2012-01-24,3.1,5.3971667
2012-01-26,-0.1,1.2329317
2012-01-28,0.5,2.253645
2012-01-29,1.1,0.77990466
2012-01-30,-1.6,0.84593517
2012-01-31,-3.6,-0.90487254
2012-02-01,-6.6,-2.847487
2012-02-02,-7.9,-3.4472773
2012-02-03,-8.0,-5.3646617
2012-02-04,-6.7,-5.3993087
2012-02-06,-8.3,-4.954067
2012-02-07,-4.8,-4.908173
2012-02-08,-5.5,-3.3541327
2012-02-09,-6.8,-5.098515
2012-02-10,-7.0,-4.8666873
2012-02-11,-5.7,-5.5613146
2012-02-12,-2.4,-4.3478045
2012-02-13,0.1,-1.1730031
2012-02-14,5.5,0.65990776
2012-02-15,3.9,5.5874815
2012-02-17,8.6,5.547588
2012-02-18,6.5,8.108467
2012-02-19,5.6,5.881656
2012-02-21,9.3,5.5838447
2012-02-22,9.8,9.483375
2012-02-23,12.8,9.710807
2012-02-24,13.5,11.428973
2012-02-25,9.4,13.195631
2012-03-04,9.7,9.131479
2012-03-11,10.3,10.577799
2012-03-12,11.3,11.917881
2012-03-13,10.8,12.855324
2012-03-16,19.4,17.695316
2012-03-17,21.6,18.111626
2012-03-18,14.5,20.37739
2012-03-20,18.3,15.563964
2012-03-21,18.6,17.75595
2012-03-22,19.8,18.35437
2012-03-23,20.4,18.989582
2012-03-24,20.5,19.555557
2012-03-25,16.9,19.31362
2012-03-26,19.2,15.586804
2012-03-27,21.6,19.171116
2012-03-28,18.4,20.794922
2012-03-29,10.7,16.610043
2012-03-30,13.0,9.925911
2012-03-31,9.2,13.129998
2012-04-01,17.2,8.947956
2012-04-02,18.1,18.13987
2012-04-03,22.7,17.517542
2012-04-04,18.2,21.608221
2012-04-06,11.6,11.23299
2012-04-07,6.8,12.196126
2012-04-08,11.1,8.526187
2012-04-09,15.4,13.438484
2012-04-10,19.8,15.936312
2012-04-11,15.2,19.235048
2012-04-13,14.3,15.920888
2012-04-14,12.6,16.215124
2012-04-18,17.3,17.082592
2012-04-19,17.0,17.676249
2012-04-20,18.1,17.684835
2012-04-21,14.4,19.554773
2012-04-22,16.5,15.790581
2012-04-23,19.4,18.427134
2012-04-24,19.9,20.112986
2012-04-25,22.9,20.215876
2012-04-26,25.3,22.731432
2012-04-27,28.1,24.580564
2012-04-28,29.0,26.625832
2012-04-29,30.0,27.245544
2012-04-30,30.3,27.640192
2012-05-01,29.8,27.553675
2012-05-02,26.2,27.284487
2012-05-03,18.2,23.969322
2012-05-05,22.4,24.477903
2012-05-10,29.1,26.754795
2012-05-11,25.3,27.88279
2012-05-14,19.1,16.475382
2012-05-15,15.0,21.505384
2012-05-16,14.0,16.187508
2012-05-17,18.1,16.152761
2012-05-18,22.8,19.614134
2012-05-19,26.3,23.079084
2012-05-20,25.2,26.083353
2012-05-21,21.2,24.813946
2012-05-22,28.5,20.830969
2012-05-23,26.6,24.750786
2012-05-25,23.2,23.460686
2012-05-26,23.8,24.145466
2012-05-27,23.2,25.165733
2012-05-28,24.7,21.174936
2012-05-29,24.2,25.104061
2012-05-30,23.5,21.802324
2012-05-31,20.3,23.621424
2012-06-01,21.5,20.244896
2012-06-02,28.1,22.66199
2012-06-03,24.6,27.01526
2012-06-05,20.8,18.098682
2012-06-06,27.5,22.633867
2012-06-07,28.1,27.132904
2012-06-08,25.2,27.81335
2012-06-10,20.5,18.123299
2012-06-11,22.4,21.153507
2012-06-12,19.4,23.412918
2012-06-13,23.1,19.217216
2012-06-14,25.7,24.170662
2012-06-15,31.8,23.14997
2012-06-16,29.9,29.693947
2012-06-17,32.8,28.131973
2012-06-18,31.1,31.566427
2012-06-19,34.0,29.91833
2012-06-20,29.5,32.146233
2012-06-21,27.2,28.517752
2012-06-22,25.7,27.589302
2012-06-23,30.3,23.587175
2012-06-24,27.3,30.201376
2012-06-25,23.9,22.195166
2012-06-26,25.7,24.219198
2012-06-27,28.3,27.317421
2012-06-28,32.7,29.36746
2012-06-29,35.6,31.030901
2012-06-30,34.9,32.339966
2012-07-01,34.3,32.589474
2012-07-02,33.6,31.531544
2012-07-04,34.0,29.500322
2012-07-05,34.0,32.061916
2012-07-06,30.5,29.113892
2012-07-07,31.5,29.855133
2012-07-08,26.8,27.709257
2012-07-09,30.1,27.058092
2012-07-11,23.9,27.33293
2012-07-12,20.3,24.42648
2012-07-13,21.5,19.629686
2012-07-14,20.5,23.839354
2012-07-15,21.1,22.102854
2012-07-17,25.7,24.44135
2012-07-18,31.7,27.477736
2012-07-19,20.2,31.522554
2012-07-21,18.4,20.222258
2012-07-22,25.4,20.41964
2012-07-23,29.5,26.860523
2012-07-24,26.5,30.072256
2012-07-25,28.0,22.987116
2012-07-26,30.7,28.449987
2012-07-27,31.8,30.827389
2012-07-28,25.9,31.237143
2012-07-29,23.7,24.600796
2012-07-30,27.9,26.07241
2012-07-31,29.6,28.779676
2012-08-01,31.6,30.758965
2012-08-02,28.3,30.896091
2012-08-03,29.3,28.563524
2012-08-04,31.7,27.2754
2012-08-05,32.7,31.07773
2012-08-06,29.2,31.689507
2012-08-07,25.4,28.199286
2012-08-08,26.3,26.318811
2012-08-09,23.6,27.9423
2012-08-10,20.6,25.398527
2012-08-12,23.4,25.287306
2012-08-13,25.4,25.070553
2012-08-14,27.3,26.570074
2012-08-15,26.6,27.550936
2012-08-16,27.0,26.649796
2012-08-17,29.3,27.458836
2012-08-18,31.4,28.92886
2012-08-19,36.3,30.688421
2012-08-20,31.1,32.248642
2012-08-21,34.5,28.053171
2012-08-22,31.7,32.81845
2012-08-23,33.4,29.05101
2012-08-24,28.5,32.271637
2012-08-25,23.8,27.345694
2012-08-26,23.5,21.954514
2012-08-28,28.6,27.483856
2012-08-29,30.9,28.557482
2012-08-30,27.2,30.159386
2012-09-01,24.6,16.964277
2012-09-02,24.8,24.294283
2012-09-03,26.1,25.03933
2012-09-04,26.5,25.986689
2012-09-05,22.5,25.52099
2012-09-07,27.1,24.012684
2012-09-08,27.4,26.053205
2012-09-09,29.8,26.3494
2012-09-10,31.0,28.797443
2012-09-11,25.4,28.888714
2012-09-13,18.3,12.649926
2012-09-14,19.1,19.012592
2012-09-15,21.2,21.163918
2012-09-16,24.9,20.623365
2012-09-17,25.4,24.095057
2012-09-18,21.3,25.072155
2012-09-19,16.6,19.404737
2012-09-20,18.1,17.177414
2012-09-21,16.9,18.88059
2012-09-22,16.5,17.460926
2012-09-23,24.6,17.037561
2012-09-24,23.3,22.880142
2012-09-25,26.7,22.076262
2012-09-26,21.8,23.97304
2012-09-27,21.5,20.682787
2012-09-28,18.8,20.856133
2012-09-29,18.9,18.986015
2012-10-01,17.4,21.462393
2012-10-02,21.8,18.194345
2012-10-03,22.0,20.760643
2012-10-04,20.6,20.970243
2012-10-05,25.5,19.357697
2012-10-06,19.4,24.180733
2012-10-07,15.2,16.21222
2012-10-09,13.8,14.723488
2012-10-10,13.7,14.419093
2012-10-11,12.4,13.99467
2012-10-12,15.1,12.986647
2012-10-13,16.9,16.333967
2012-10-14,18.8,15.904638
2012-10-17,18.0,14.5335045
2012-10-18,17.4,17.03894
2012-10-19,15.7,16.393053
2012-10-20,11.5,14.590716
2012-10-21,13.8,12.246187
2012-10-26,11.2,11.553705
2012-10-28,3.8,5.7639003
2012-10-30,9.2,8.360905
2012-10-31,9.1,10.013089
2012-11-01,10.2,9.440679
2012-11-02,8.0,10.133194
2012-11-03,9.8,8.014911
2012-11-04,13.6,10.275959
2012-11-05,11.0,10.788756
2012-11-07,12.6,9.178301
2012-11-08,12.7,10.895557
2012-11-09,10.1,9.966502
2012-11-10,11.6,9.707165
2012-11-11,11.4,10.984706
2012-11-12,11.0,11.193995
2012-11-14,9.8,8.430751
2012-11-15,9.8,8.805193
2012-11-16,9.7,8.043115
2012-11-17,7.5,8.672501
2012-11-18,7.8,7.718982
2012-11-19,8.0,7.913251
2012-11-20,9.3,8.680235
2012-11-21,8.9,9.109674
2012-11-22,7.4,8.10245
2012-11-27,15.2,9.250702
2012-11-28,10.5,14.101167
2012-12-01,3.1,4.1347585
2012-12-02,4.7,3.6807094
2012-12-04,5.3,5.124135
2012-12-05,3.7,5.6751494
2012-12-07,-1.7,0.42966416
2012-12-08,0.0,-0.30682617
2012-12-09,5.0,0.96240425
2012-12-10,3.0,5.8188057
2012-12-11,-0.9,3.3213801
2012-12-12,-2.5,-1.0711191
2012-12-13,-0.2,-1.7845088
2012-12-14,3.9,0.35523632
2012-12-15,5.1,3.755424
2012-12-16,4.0,4.4458427
2012-12-17,3.6,4.0110855
2012-12-18,4.6,4.8300953
2012-12-19,4.2,5.7988205
2012-12-20,0.4,2.934218
2012-12-21,0.2,0.95413333
2012-12-22,1.1,0.9337125
2012-12-23,1.2,3.4612596
2012-12-24,1.5,1.5946789
2012-12-25,8.6,1.5041142
2012-12-26,11.8,7.367635
2012-12-27,8.5,8.4074335
2012-12-29,3.0,1.607031
2012-12-30,6.4,2.1109629
2012-12-31,0.3,6.2641635
2013-01-01,4.7,1.4237677
2013-01-02,6.4,5.565366
2013-01-03,10.1,5.8668795
2013-01-04,10.3,8.711316
2013-01-06,7.0,7.3694715
2013-01-08,7.9,1.2612108
2013-01-09,6.4,8.14298
2013-01-10,5.3,5.3476
2013-01-13,-1.0,-1.9808639
2013-01-15,0.7,0.5553512
2013-01-16,-0.1,1.675975
2013-01-23,-0.8,-0.21923773
2013-01-24,-0.6,0.32069102
2013-01-31,10.8,12.373289
2013-02-01,8.1,9.774431
2013-02-02,5.0,9.366845
2013-02-07,4.3,5.480006
2013-02-08,0.9,4.3296123
2013-02-09,0.2,2.021234
2013-02-11,0.0,0.138959
2013-02-12,0.6,1.1404985
2013-02-13,1.2,2.3119755
2013-02-14,2.6,2.340771
2013-02-15,4.9,2.7048266
2013-02-16,4.4,5.042219
2013-02-17,3.3,3.901456
2013-02-18,3.7,3.1325533
2013-02-19,2.1,4.8879194
2013-02-22,0.6,-0.30052453
2013-02-23,1.2,1.5291302
2013-02-24,2.5,2.485264
2013-02-25,4.8,3.7079144
2013-02-26,3.9,4.83548
2013-02-27,8.1,5.102526
2013-02-28,5.0,7.716017
2013-03-01,6.7,5.794649
2013-03-03,8.2,8.789294
2013-03-04,10.9,8.277173
2013-03-05,16.3,10.958357
2013-03-06,17.7,14.539604
2013-03-07,14.5,16.52366
2013-03-08,11.6,13.683744
2013-03-09,12.8,11.905938
2013-03-10,11.0,12.639147
2013-03-11,6.5,11.129562
2013-03-12,9.1,7.659384
2013-03-14,1.7,4.6318183
2013-03-15,2.8,3.7011893
2013-03-16,4.6,5.0812106
2013-03-17,3.7,6.0694304
2013-03-18,10.3,5.741614
2013-03-19,13.5,10.226121
2013-03-20,10.2,13.019729
2013-03-22,3.0,6.8862944
2013-03-23,-0.5,5.3985276
2013-03-24,-1.7,2.6917946
2013-03-25,-1.5,1.8190444
2013-03-26,1.6,1.0343227
2013-03-27,4.5,3.5204377
2013-03-28,9.1,6.7866554
2013-03-29,4.7,9.708852
2013-03-30,4.3,7.711347
2013-04-01,4.1,7.996109
2013-04-02,2.7,8.386517
2013-04-03,7.6,5.689785
2013-04-04,8.0,9.917565
2013-04-05,6.6,10.496777
2013-04-06,5.4,9.31859
2013-04-07,10.4,9.13751
2013-04-08,13.6,13.309093
2013-04-09,15.3,14.481815
2013-04-10,19.4,16.299835
2013-04-11,15.8,18.907402
2013-04-13,19.0,18.499876
2013-04-14,19.5,19.123823
2013-04-15,20.6,19.149868
2013-04-16,23.5,19.895426
2013-04-17,25.2,23.183401
2013-04-18,21.8,24.23579
2013-04-19,15.8,18.194824
2013-04-20,21.2,17.748505
2013-04-21,21.5,21.604944
2013-04-22,22.0,22.028988
2013-04-23,23.8,21.98412
2013-04-24,25.4,23.939709
2013-04-25,28.0,24.979563
2013-04-26,25.6,25.873653
2013-04-27,21.3,24.137722
2013-04-29,23.4,20.10216
2013-04-30,22.6,23.90331
2013-05-01,19.8,22.665493
2013-05-02,17.7,17.001272
2013-05-04,20.8,22.019115
2013-05-05,22.5,21.46367
2013-05-06,22.3,22.015438
2013-05-07,23.5,19.473238
2013-05-08,25.5,23.754778
2013-05-09,24.4,25.323225
2013-05-11,16.9,18.59754
2013-05-13,20.5,19.232431
2013-05-14,22.9,22.069473
2013-05-15,24.1,23.693806
2013-05-16,21.8,24.64187
2013-05-17,21.1,22.051134
2013-05-18,25.9,18.995918
2013-05-19,20.0,25.749113
2013-05-20,19.9,19.930859
2013-05-21,20.8,21.148104
2013-05-22,15.8,22.275274
2013-05-24,14.2,18.101288
2013-05-25,15.7,16.578611
2013-05-26,12.9,18.313234
2013-05-27,21.6,15.191791
2013-05-28,23.6,22.160625
2013-05-29,15.8,23.570011
2013-05-31,18.5,15.551591
2013-06-01,14.7,20.379517
2013-06-04,16.8,16.00512
2013-06-05,18.9,19.323013
2013-06-06,22.2,20.884293
2013-06-07,26.1,23.075094
2013-06-08,27.3,25.871267
2013-06-09,25.0,26.606468
2013-06-10,19.3,24.296398
2013-06-11,23.3,18.542551
2013-06-12,25.8,24.406275
2013-06-13,23.9,26.416237
2013-06-14,27.9,24.378931
2013-06-15,27.5,27.255638
2013-06-16,31.4,27.106236
2013-06-17,32.9,29.651163
2013-06-18,32.9,30.900043
2013-06-19,33.4,31.467667
2013-06-20,30.7,31.036144
2013-06-21,27.5,29.45071
2013-06-22,27.8,27.421831
2013-06-23,25.9,27.853443
2013-06-24,15.8,20.122868
2013-06-25,15.8,18.325232
2013-06-27,20.7,21.402203
2013-06-28,22.1,22.988169
2013-06-29,21.4,23.555431
2013-06-30,24.9,22.934526
2013-07-01,27.8,25.512407
2013-07-02,28.4,28.037497
2013-07-03,27.1,28.384094
2013-07-04,27.8,27.146524
2013-07-05,26.5,27.653366
2013-07-06,27.4,26.727066
2013-07-07,26.3,28.095795
2013-07-08,27.9,27.377024
2013-07-09,28.6,28.27107
2013-07-10,25.3,29.116184
2013-07-11,23.5,25.894526
2013-07-12,24.3,25.411854
2013-07-13,26.3,26.13619
2013-07-14,25.6,27.78606
2013-07-15,26.1,27.18117
2013-07-16,29.2,27.104708
2013-07-17,30.2,29.899828
2013-07-18,30.2,29.911062
2013-07-19,28.3,29.938595
2013-07-20,27.7,28.597486
2013-07-21,29.9,28.119757
2013-07-22,31.7,30.499758
2013-07-23,31.3,31.169107
2013-07-24,30.4,29.58044
2013-07-25,32.1,30.254473
2013-07-26,34.6,31.558401
2013-07-27,36.8,31.982656
2013-07-28,33.2,32.54699
2013-07-30,28.2,28.886429
2013-07-31,30.0,30.224903
2013-08-01,34.6,31.666782
2013-08-02,37.4,33.581898
2013-08-03,34.2,34.754623
2013-08-05,35.4,30.656233
2013-08-06,35.7,33.33702
2013-08-07,38.5,32.338516
2013-08-08,34.6,33.625313
2013-08-10,27.6,26.678236
2013-08-11,27.8,30.908726
2013-08-12,25.2,29.559252
2013-08-13,23.7,22.077827
2013-08-14,23.9,24.449085
2013-08-15,26.5,25.758547
2013-08-16,30.1,27.294239
2013-08-17,32.5,30.695814
2013-08-18,31.8,31.74354
2013-08-25,16.7,22.135784
2013-08-26,19.3,18.96097
2013-08-27,17.8,21.294117
2013-08-29,24.5,22.950996
2013-08-30,26.3,24.17843
2013-08-31,21.9,25.769379
2013-09-02,21.3,21.979305
2013-09-03,23.8,22.275867
2013-09-05,25.3,25.018028
2013-09-06,26.6,24.76096
2013-09-07,27.0,25.404524
2013-09-12,15.6,21.005238
2013-09-13,20.0,18.079529
2013-09-14,20.8,17.857641
2013-09-18,16.9,17.038946
2013-09-20,17.0,16.754827
2013-09-21,19.5,17.561544
2013-09-22,18.4,19.438562
2013-09-23,19.8,18.834328
2013-09-25,19.9,18.818584
2013-09-26,15.9,19.551622
2013-09-27,15.8,16.196299
2013-09-28,13.0,16.559736
2013-09-29,13.4,14.247142
2013-09-30,14.1,15.469522
2013-10-01,13.2,15.015678
2013-10-02,11.1,14.768225
2013-10-03,12.3,12.4641905
2013-10-04,12.7,13.418362
2013-10-05,10.6,13.702458
2013-10-06,13.2,13.191761
2013-10-08,16.9,17.767181
2013-10-09,16.9,15.791141
2013-10-11,17.4,12.874679
2013-10-12,15.4,15.970644
2013-10-13,12.7,14.823464
2013-10-14,18.5,12.222097
2013-10-15,13.1,17.23249
2013-10-16,14.7,13.4231415
2013-10-17,16.5,14.878807
2013-10-18,16.0,15.8636675
2013-10-19,15.9,14.874221
2013-10-20,22.5,14.843281
2013-10-21,15.5,19.907959
2013-10-22,17.8,14.213011
2013-10-23,17.0,16.338312
2013-10-25,17.8,14.130954
2013-10-27,21.0,17.751904
2013-10-29,13.0,15.576222
2013-10-31,13.5,12.698815
2013-11-01,10.8,13.075821
2013-11-02,13.4,11.215358
2013-11-03,12.1,13.261356
2013-11-04,9.9,11.686679
2013-11-06,19.7,10.329417
2013-11-07,17.4,17.984045
2013-11-08,12.1,14.689605
2013-11-09,12.6,10.781493
2013-11-10,9.1,10.78493
2013-11-11,8.0,8.091733
2013-11-12,8.3,8.195551
2013-11-13,7.0,8.27573
2013-11-14,7.3,5.9563775
2013-11-15,9.0,8.152336
2013-11-16,7.4,8.971106
2013-11-17,8.5,6.1660857
2013-11-18,7.4,8.054545
2013-11-20,7.7,9.278769
2013-11-29,7.4,4.5481353
2013-11-30,8.0,6.908555
2013-12-08,7.1,6.3218555
2013-12-13,5.9,3.4487379
2013-12-14,8.8,5.2126207
2013-12-15,7.1,7.353885
2013-12-17,-1.3,0.1133289
2013-12-23,11.3,3.66312
2013-12-24,13.3,9.163849
2013-12-27,8.4,8.340347
2013-12-28,8.5,6.5618796
2013-12-29,7.4,6.713585
2013-12-31,6.7,5.5412364
2014-01-02,4.8,6.167536
2014-01-07,4.9,5.7749314
2014-01-14,8.3,5.244584
2014-01-16,5.6,4.3289046
2014-01-18,12.9,5.3671775
2014-01-19,9.9,10.915082
2014-01-23,0.1,2.593935
2014-01-24,0.2,1.3507102
2014-01-26,-3.2,-2.713965
2014-01-27,0.1,-0.17329559
2014-01-28,-0.2,1.3837737
2014-02-07,10.2,6.8660493
2014-02-13,10.8,8.799944
2014-02-15,9.6,8.684237
2014-02-17,7.4,9.032105
2014-02-18,7.8,7.5583825
2014-02-19,13.1,8.494909
2014-02-20,11.6,11.545519
2014-02-21,8.6,10.043169
2014-02-23,11.3,11.26597
2014-02-24,12.8,10.232174
2014-02-25,7.0,11.265044
2014-02-27,10.8,9.005808
2014-02-28,13.7,10.644187
2014-03-01,12.0,13.029765
2014-03-02,9.7,11.930308
2014-03-03,9.7,10.552335
2014-03-04,12.7,10.719926
2014-03-05,9.3,12.276832
2014-03-06,8.7,11.721964
2014-03-07,13.8,9.783268
2014-03-08,12.8,12.870192
2014-03-09,11.7,12.403992
2014-03-10,16.1,11.778482
2014-03-11,16.0,16.041727
2014-03-12,15.7,15.059999
2014-03-13,19.9,15.3136835
2014-03-14,15.9,18.925596
2014-03-19,20.8,13.711534
2014-03-20,22.2,19.53271
2014-03-21,21.6,20.960756
2014-03-24,11.2,8.772003
2014-03-25,12.8,12.311185
2014-03-26,15.7,13.731076
2014-03-27,17.3,16.022818
2014-03-28,18.8,17.026197
2014-03-29,20.5,18.443724
2014-03-30,20.3,20.5563
2014-03-31,18.4,18.867798
2014-04-01,18.7,17.827976
2014-04-02,20.8,18.07449
2014-04-03,17.0,20.309462
2014-04-04,18.2,14.950543
2014-04-05,18.5,17.368938
2014-04-06,21.6,14.879049
2014-04-07,24.7,19.80377
2014-04-08,16.8,22.542519
2014-04-10,14.6,10.301292
2014-04-11,16.8,15.25344
2014-04-12,15.7,17.036392
2014-04-13,16.1,16.004211
2014-04-15,13.1,9.541748
2014-04-16,14.7,12.579583
2014-04-17,18.7,15.600982
2014-04-18,19.9,18.676088
2014-04-19,17.5,19.829035
2014-04-20,18.2,14.056315
2014-04-21,18.8,19.286291
2014-04-22,22.1,17.346943
2014-04-23,23.3,22.007149
2014-04-24,19.8,22.993496
2014-04-25,18.9,15.620878
2014-04-26,21.6,19.705133
2014-04-27,21.9,21.608408
2014-04-28,19.3,21.750914
2014-04-29,22.3,20.27825
2014-04-30,22.0,22.918388
2014-05-01,23.0,21.895422
2014-05-02,15.0,23.371418
2014-05-04,15.5,17.824047
2014-05-05,21.5,17.493086
2014-05-06,19.5,21.890326
2014-05-07,20.9,20.505756
2014-05-08,22.6,21.591644
2014-05-09,22.2,20.494532
2014-05-10,19.3,22.121843
2014-05-12,14.9,19.706142
2014-05-13,15.9,17.90582
2014-05-14,12.2,18.52517
2014-05-15,11.4,15.415162
2014-05-16,11.9,15.062583
2014-05-17,15.5,16.594269
2014-05-18,22.7,17.081638
2014-05-19,25.2,23.200092
2014-05-20,25.8,24.55124
2014-05-21,27.5,25.367115
2014-05-22,28.6,27.396887
2014-05-23,27.1,27.832914
2014-05-24,25.9,18.565767
2014-05-25,24.9,25.858263
2014-05-26,22.9,25.32517
2014-05-27,17.6,18.476076
2014-05-30,20.3,17.181084
2014-05-31,21.2,21.802824
2014-06-01,20.8,22.4344
2014-06-02,20.9,22.062166
2014-06-03,22.8,21.945408
2014-06-04,20.9,23.711748
2014-06-05,25.4,22.328842
2014-06-06,28.2,25.594732
2014-06-07,30.7,27.848885
2014-06-08,31.8,29.602901
2014-06-09,33.2,29.883091
2014-06-10,33.0,30.600058
2014-06-11,28.1,29.936993
2014-06-12,26.3,26.812374
2014-06-13,23.5,26.758804
2014-06-15,22.8,23.004309
2014-06-16,24.7,24.54112
2014-06-17,26.1,25.66995
2014-06-18,26.3,27.12088
2014-06-19,22.2,26.871113
2014-06-20,21.2,21.014162
2014-06-21,25.8,23.270535
2014-06-22,26.9,26.927263
2014-06-23,24.2,27.630129
2014-06-24,24.9,25.200562
2014-06-25,21.8,25.773685
2014-06-26,25.6,22.746677
2014-06-27,28.8,26.095713
2014-06-28,27.0,29.187922
2014-06-29,18.9,27.577095
2014-06-30,23.9,17.567026
2014-07-01,24.5,25.632397
2014-07-02,26.1,22.918554
2014-07-03,28.0,26.970785
2014-07-04,26.0,28.090452
2014-07-05,30.1,24.706434
2014-07-06,30.5,29.516462
2014-07-07,30.6,30.372908
2014-07-09,20.4,24.309572
2014-07-10,19.1,22.918297
2014-07-16,30.4,29.81747
2014-07-17,31.0,29.895952
2014-07-20,29.8,32.031334
2014-07-21,24.1,26.658886
2014-07-22,27.9,22.513563
2014-07-23,26.7,27.132206
2014-07-24,27.0,27.346792
2014-07-25,29.1,28.055096
2014-07-26,28.0,29.710438
2014-07-27,25.6,28.04823
2014-07-28,26.2,25.649261
2014-07-29,27.0,28.194168
2014-07-30,23.5,28.720888
2014-07-31,24.5,23.022558
2014-08-01,29.4,26.761286
2014-08-02,29.0,29.349066
2014-08-03,25.8,29.197111
2014-08-04,25.0,26.718271
2014-08-06,27.4,26.26034
2014-08-07,29.0,28.201178
2014-08-08,31.2,29.793526
2014-08-09,29.0,30.911972
2014-08-10,29.3,28.780704
2014-08-13,20.8,22.694704
2014-08-14,24.2,24.079477
2014-08-15,20.9,26.00718
2014-08-16,22.8,22.578556
2014-08-17,26.8,25.075615
2014-08-18,22.9,27.052876
2014-08-19,18.4,22.839434
2014-08-21,22.8,19.552048
2014-08-22,22.6,24.274647
2014-08-23,18.8,18.589266
2014-08-25,22.5,22.205921
2014-08-26,19.7,21.915592
2014-08-28,24.5,23.14881
2014-08-29,21.4,24.325743
2014-08-30,21.8,19.888596
2014-08-31,16.7,21.102139
2014-09-01,15.0,16.941671
2014-09-02,18.3,20.348114
2014-09-03,24.9,20.678642
2014-09-04,25.4,24.578255
2014-09-05,22.2,25.007446
2014-09-06,22.3,22.693254
2014-09-07,24.7,21.480633
2014-09-08,25.8,24.169022
2014-09-09,21.9,25.33637
2014-09-10,18.0,21.370726
2014-09-11,18.0,19.464048
2014-09-12,16.0,17.622972
2014-09-13,19.5,17.669216
2014-09-14,21.0,19.514688
2014-09-15,20.3,20.57327
2014-09-16,22.2,20.25763
2014-09-17,21.0,21.547213
2014-09-18,21.5,20.583021
2014-09-19,25.1,20.99951
2014-09-20,25.3,24.685343
2014-09-21,19.3,24.546425
2014-09-24,16.0,18.256989
2014-09-25,16.7,16.661077
2014-09-26,17.3,17.922337
2014-09-27,19.9,17.017403
2014-09-28,19.5,19.345236
2014-09-29,18.7,19.202509
2014-09-30,17.9,18.819473
2014-10-01,19.6,17.40934
2014-10-02,18.9,20.320143
2014-10-04,18.2,16.347504
2014-10-05,17.8,18.439915
2014-10-06,15.2,17.865665
2014-10-07,19.1,16.485065
2014-10-08,22.0,18.575417
2014-10-09,19.5,20.066748
2014-10-10,16.3,18.809042
2014-10-11,21.8,16.967476
2014-10-12,17.3,20.004694
2014-10-14,17.8,19.65298
2014-10-15,21.0,16.319567
2014-10-16,17.0,19.341854
2014-10-17,18.8,14.041321
2014-10-19,21.2,16.771421
2014-10-20,18.1,19.171934
2014-10-21,14.7,15.673887
2014-10-23,10.8,10.261809
2014-10-25,8.8,9.34148
2014-10-26,8.9,10.46797
2014-10-27,7.9,9.319477
2014-10-29,9.9,10.495243
2014-10-30,11.7,10.606737
2014-10-31,14.6,11.222199
2014-11-01,8.1,14.079265
2014-11-02,8.8,9.313988
2014-11-03,18.4,9.945575
2014-11-04,19.0,17.781311
2014-11-05,17.2,16.793257
2014-11-06,13.4,14.391311
2014-11-08,15.5,12.641705
2014-11-09,15.8,14.580207
2014-11-10,18.0,14.647774
2014-11-11,14.6,16.009144
2014-11-12,12.9,14.068992
2014-11-13,14.0,12.157809
2014-11-14,12.8,12.854224
2014-11-16,9.3,10.880648
2014-11-17,10.4,10.714464
2014-11-18,10.9,8.817832
2014-11-19,9.1,9.411968
2014-11-20,7.7,9.043736
2014-11-21,6.0,7.078105
2014-11-22,7.9,6.695432
2014-11-23,6.7,7.5097427
2014-11-24,4.9,6.5795374
2014-11-25,4.8,6.0734506
2014-11-26,3.9,5.7621617
2014-11-27,2.4,4.943653
2014-11-28,2.8,3.188883
2014-11-29,3.1,3.9547834
2014-11-30,2.6,4.2584386
2014-12-06,5.6,6.340811
2014-12-07,6.7,5.9137683
2014-12-10,8.6,3.0835195
2014-12-11,10.2,7.162832
2014-12-13,4.3,5.3842936
2014-12-14,4.8,4.2675877
2014-12-15,4.1,4.922003
2014-12-16,7.2,4.2338543
2014-12-27,-0.3,1.523948
2014-12-29,-1.5,-3.4816577
2015-01-04,3.2,4.2044215
2015-01-05,3.4,2.8932633
2015-01-12,11.2,5.429015
2015-01-13,7.3,8.510862
2015-01-15,5.2,4.9795365
2015-01-17,6.0,6.309284
2015-01-19,4.4,4.9927735
2015-01-21,6.9,4.326165
2015-01-22,6.6,7.135043
2015-01-23,4.4,6.4885497
2015-01-25,3.5,3.463541
2015-01-27,5.3,4.7015557
2015-01-28,4.7,5.429913
2015-01-29,3.1,4.529414
2015-01-30,5.5,3.0659513
2015-01-31,2.9,5.667801
2015-02-01,5.6,2.4115515
2015-02-02,5.7,5.826127
2015-02-03,2.0,5.380921
2015-02-04,0.7,1.8588619
2015-02-05,1.3,0.89149415
2015-02-06,1.9,1.6457945
2015-02-07,2.7,1.8347957
2015-02-12,6.4,6.790495
2015-02-13,6.5,5.209881
2015-02-14,9.0,5.6250343
2015-02-16,5.9,9.586292
2015-02-17,2.4,6.2219396
2015-02-18,4.9,4.077007
2015-02-20,9.9,8.906288
2015-02-21,7.7,9.579427
2015-02-22,7.9,7.505603
2015-02-23,6.8,7.9905615
2015-02-24,7.6,7.1253657
2015-02-25,7.1,7.766583
2015-03-04,7.6,9.860533
2015-03-06,10.5,8.622529
2015-03-08,12.8,11.879105
2015-03-09,14.3,12.19141
2015-03-10,9.9,14.036853
2015-03-11,7.4,10.715126
2015-03-12,5.8,8.824856
2015-03-13,5.4,8.26242
2015-03-14,8.8,8.881602
2015-03-15,13.0,9.657163
2015-03-16,13.7,13.121058
2015-03-17,12.7,13.518272
2015-03-18,11.6,12.661855
2015-03-19,11.8,11.913547
2015-03-20,15.4,12.298063
2015-03-21,11.6,16.178383
2015-03-23,16.7,12.496672
2015-03-24,15.9,16.704525
2015-03-25,15.5,15.591864
2015-03-26,13.2,14.61542
2015-03-27,10.4,12.582221
2015-03-29,13.4,14.232348
2015-03-30,15.9,11.101174
2015-03-31,10.3,13.463858
2015-04-01,8.7,8.689051
2015-04-02,10.4,10.924206
2015-04-03,10.8,13.156882
2015-04-04,8.3,11.855091
2015-04-05,9.0,9.788798
2015-04-06,10.7,11.305761
2015-04-07,10.7,12.594427
2015-04-08,14.9,12.006651
2015-04-09,20.2,15.554396
2015-04-10,22.0,18.882353
2015-04-11,19.3,20.450134
2015-04-13,18.2,19.682966
2015-04-14,24.6,17.6935
2015-04-15,25.9,23.12121
2015-04-16,20.7,24.97739
2015-04-18,14.1,12.789612
2015-04-19,17.9,16.57372
2015-04-20,20.7,19.28908
2015-04-21,19.7,21.112694
2015-04-23,20.7,21.349133
2015-04-24,24.3,20.619658
2015-04-26,25.7,23.37441
2015-04-27,21.2,25.0157
2015-04-29,18.0,17.326523
2015-04-30,16.1,20.038204
2015-05-01,15.6,16.05178
2015-05-02,13.7,16.710226
2015-05-03,23.8,16.39993
2015-05-04,26.7,20.418987
2015-05-05,23.0,25.769241
2015-05-07,24.0,20.445631
2015-05-08,21.7,24.255074
2015-05-09,21.1,21.502708
2015-05-10,20.6,21.760992
2015-05-11,25.7,21.698086
2015-05-12,23.4,24.28616
2015-05-13,21.0,21.301277
2015-05-14,17.1,19.133795
2015-05-16,20.1,24.243803
2015-05-17,24.6,21.934156
2015-05-18,23.7,24.557308
2015-05-19,19.8,24.371733
2015-05-21,15.5,16.255299
2015-05-22,14.0,20.066818
2015-05-23,14.4,17.112099
2015-05-24,20.0,17.574377
2015-05-25,17.3,21.618761
2015-05-27,18.4,16.7348
2015-05-28,24.1,20.38529
2015-05-29,25.3,23.575235
2015-05-30,23.6,25.186638
2015-05-31,26.9,23.386051
2015-06-01,28.5,26.88675
2015-06-02,31.2,27.867243
2015-06-03,27.9,29.100262
2015-06-04,26.9,26.153229
2015-06-05,29.4,27.37969
2015-06-07,29.8,28.814312
2015-06-08,25.6,28.997438
2015-06-09,25.6,24.854288
2015-06-10,28.1,26.290628
2015-06-11,32.3,28.029522
2015-06-12,30.5,30.541979
2015-06-13,30.5,29.097267
2015-06-14,23.2,25.690632
2015-06-15,22.0,22.869493
2015-06-16,20.2,23.878586
2015-06-17,23.5,22.333431
2015-06-18,20.3,25.40054
2015-06-21,25.9,21.017239
2015-06-22,20.0,23.992748
2015-06-23,20.8,20.591534
2015-06-24,23.3,23.252016
2015-06-25,26.1,25.127888
2015-06-26,25.3,27.392939
2015-06-27,25.0,23.800728
2015-06-28,24.4,26.079075
2015-06-29,28.4,25.231993
2015-07-01,31.3,30.28606
2015-07-02,31.2,30.41683
2015-07-03,32.6,30.392725
2015-07-04,36.2,30.998472
2015-07-05,33.6,33.00184
2015-07-06,36.4,30.129774
2015-07-07,31.0,31.90011
2015-07-10,27.7,26.66119
2015-07-11,31.6,27.624557
2015-07-12,28.4,31.387192
2015-07-13,24.5,24.085543
2015-07-14,28.5,23.954853
2015-07-15,32.5,28.893734
2015-07-16,35.1,32.09212
2015-07-17,35.9,32.084766
2015-07-18,37.1,33.193634
2015-07-19,33.5,34.003872
2015-07-20,34.9,31.94886
2015-07-21,36.9,33.008705
2015-07-22,33.3,33.013474
2015-07-23,34.2,31.64988
2015-07-24,31.0,32.97316
2015-07-26,25.3,28.035717
2015-07-28,23.3,27.714739
2015-07-29,25.2,22.178154
2015-07-31,28.2,27.794142
2015-08-01,22.8,29.116636
2015-08-02,29.5,25.452179
2015-08-03,32.3,27.161285
2015-08-04,33.0,31.710674
2015-08-05,35.2,32.42472
2015-08-06,36.4,32.3455
2015-08-07,36.6,32.88872
2015-08-08,36.6,32.861935
2015-08-10,36.2,31.798592
2015-08-11,36.9,32.900555
2015-08-12,36.4,32.23773
2015-08-13,35.9,32.613678
2015-08-14,32.4,32.012566
2015-08-15,29.8,30.640736
2015-08-16,23.8,30.011906
2015-08-18,18.6,22.28967
2015-08-19,20.2,22.00133
2015-08-20,23.7,22.355429
2015-08-21,24.4,26.031086
2015-08-22,23.7,25.839886
2015-08-23,29.2,24.865524
2015-08-24,24.7,28.022142
2015-08-26,29.4,26.82984
2015-08-27,31.8,30.137245
2015-08-28,33.3,30.586014
2015-08-29,35.6,30.778967
2015-08-31,33.3,32.459923
2015-09-01,28.0,30.86094
2015-09-02,23.1,22.75996
2015-09-03,23.4,22.996588
2015-09-04,19.7,20.006376
2015-09-05,17.8,18.666737
2015-09-06,16.1,19.675535
2015-09-07,19.3,18.4939
2015-09-08,16.6,20.91999
2015-09-09,20.5,18.638494
2015-09-10,19.1,21.343355
2015-09-11,23.9,19.541658
2015-09-12,24.1,23.931587
2015-09-15,28.5,21.072302
2015-09-16,33.5,26.438787
2015-09-17,24.5,29.861431
2015-09-18,22.7,21.791538
2015-09-19,20.8,22.722675
2015-09-21,22.8,19.592201
2015-09-22,18.1,23.084732
2015-09-24,15.4,16.876251
2015-09-25,16.4,17.937325
2015-09-26,17.1,17.515448
2015-09-27,17.6,18.115564
2015-09-28,16.2,17.734724
2015-09-29,13.7,17.266079
2015-09-30,16.5,15.166012
2015-10-02,20.7,19.085438
2015-10-03,17.1,19.692339
2015-10-06,16.0,17.664642
2015-10-07,14.4,16.365385
2015-10-08,15.6,15.606921
2015-10-11,8.1,9.358174
2015-10-18,9.3,9.618126
2015-10-20,11.3,11.412499
2015-10-22,14.7,12.33484
2015-10-24,14.5,13.205245
2015-10-25,14.5,13.745346
2015-10-26,13.7,13.690274
2015-10-27,11.4,13.55663
2015-10-28,11.2,12.009307
2015-10-29,13.1,12.441429
2015-10-31,13.3,12.813
2015-11-02,10.3,10.635653
2015-11-03,8.7,10.110332
2015-11-04,15.1,8.141619
2015-11-05,13.1,13.184439
2015-11-06,16.1,11.278884
2015-11-07,20.7,14.28322
2015-11-10,19.8,17.719185
2015-11-13,13.1,10.836227
2015-11-14,14.4,12.931361
2015-11-15,16.9,12.654665
2015-11-17,19.9,16.098406
2015-11-19,18.1,16.04484
2015-11-20,8.9,13.097402
2015-11-23,5.1,5.8922176
2015-11-24,3.5,4.640222
2015-11-29,12.4,7.767256
2015-11-30,12.4,10.299778
2015-12-04,11.2,6.9433455
2015-12-07,2.9,3.7553213
2015-12-08,5.7,3.6776063
2015-12-11,10.3,1.6635871
2015-12-12,10.4,8.261547
2015-12-13,8.0,7.942907
2015-12-14,5.1,6.4913177
2015-12-15,4.5,5.1417108
2015-12-17,4.5,5.5899568
2015-12-18,5.6,5.3125687
2015-12-19,4.8,6.0484023
2015-12-22,13.8,13.8206835
2015-12-23,11.5,8.13884
2015-12-24,4.9,8.220885
2015-12-25,10.8,5.0820904
2015-12-27,6.2,3.5977788
2015-12-28,6.4,5.4698825
2015-12-29,2.6,4.7946954
2016-01-04,-5.4,-3.4550343
2016-01-05,-1.9,-2.3936093
2016-01-06,0.9,-1.3656522
2016-01-08,4.5,6.8877068
2016-01-09,3.6,4.312791
2016-01-15,2.0,5.0575123
2016-01-19,0.7,-2.4145772
2016-01-20,0.6,0.6441208
2016-01-28,11.0,14.316555
2016-01-30,9.8,7.169193
2016-02-01,13.8,10.804438
2016-02-03,6.7,9.057666
2016-02-04,6.6,6.897443
2016-02-05,9.5,7.593143
2016-02-06,14.0,8.911061
2016-02-07,11.7,10.995291
2016-02-08,13.3,10.424333
2016-02-09,12.0,11.942106
2016-02-10,7.4,8.854595
2016-02-12,7.8,5.93225
2016-02-25,6.8,6.557006
2016-02-26,8.0,7.3789287
2016-02-28,8.5,10.781218
2016-02-29,8.1,9.422595
2016-03-01,8.9,8.816946
2016-03-02,7.7,9.676896
2016-03-04,13.0,8.970114
2016-03-05,11.3,12.690653
2016-03-06,7.3,11.601609
2016-03-07,6.3,8.381373
2016-03-08,6.5,7.8932633
2016-03-09,9.4,8.296495
2016-03-10,7.7,10.817718
2016-03-11,7.9,9.952535
2016-03-14,6.3,11.266394
2016-03-16,11.9,8.373496
2016-03-17,15.2,11.938635
2016-03-18,11.4,14.267078
2016-03-19,12.9,11.491197
2016-03-20,12.7,12.990588
2016-03-21,11.6,12.846833
2016-03-22,11.4,13.262308
2016-03-23,10.8,12.803842
2016-03-24,12.6,11.385695
2016-03-25,9.7,13.3744545
2016-03-26,15.1,11.060541
2016-03-27,16.0,15.475819
2016-03-28,17.4,15.9090395
2016-03-29,16.4,17.700012
2016-03-30,22.9,17.165895
2016-03-31,19.3,22.110537
2016-04-02,21.1,14.233547
2016-04-03,22.1,20.000364
2016-04-04,23.7,20.78103
2016-04-05,18.9,22.750443
2016-04-06,17.9,17.546719
2016-04-07,14.6,17.43375
2016-04-09,11.4,11.284483
2016-04-11,16.3,13.95803
2016-04-13,16.6,19.502945
2016-04-14,18.7,13.042296
2016-04-15,22.6,18.613699
2016-04-16,22.4,21.82858
2016-04-17,14.5,21.465492
2016-04-18,16.9,13.820039
2016-04-19,15.9,18.63218
2016-04-21,20.9,19.570633
2016-04-22,17.3,21.13239
2016-04-23,14.6,18.087486
2016-04-24,10.7,16.294815
2016-04-26,14.3,18.144405
2016-04-28,15.4,13.047585
2016-04-29,19.4,16.91354
2016-04-30,17.6,20.367462
2016-05-01,19.4,18.630589
2016-05-02,17.0,20.743994
2016-05-04,17.8,14.137544
2016-05-05,22.8,19.453114
2016-05-06,23.2,23.138844
2016-05-07,21.2,22.99911
2016-05-08,22.0,21.377455
2016-05-09,19.6,22.072039
2016-05-10,19.8,20.62536
2016-05-11,17.1,21.473825
2016-05-12,17.2,17.477488
2016-05-13,20.7,16.217098
2016-05-14,15.7,20.454323
2016-05-16,15.9,16.21498
2016-05-17,18.8,18.325775
2016-05-18,21.2,20.461645
2016-05-19,20.7,21.736832
2016-05-20,24.1,21.37933
2016-05-22,26.9,25.957664
2016-05-24,21.0,13.9011
2016-05-25,23.7,22.28957
2016-05-26,26.3,24.865479
2016-05-27,27.9,26.26993
2016-05-28,27.9,26.833982
2016-05-29,26.0,26.929039
2016-05-30,23.0,25.718163
2016-06-01,22.7,23.842974
2016-06-02,23.7,23.515118
2016-06-03,25.1,24.83147
2016-06-04,24.9,25.700731
2016-06-06,23.3,25.354551
2016-06-08,24.2,25.982187
2016-06-09,25.0,24.40946
2016-06-10,24.3,25.03115
2016-06-11,22.3,24.311857
2016-06-12,23.3,20.952932
2016-06-13,23.7,24.403519
2016-06-14,21.8,23.968254
2016-06-16,25.0,26.62913
2016-06-18,25.1,25.295773
2016-06-19,20.6,24.249735
2016-06-21,28.4,27.010433
2016-06-22,31.3,28.639223
2016-06-23,32.9,30.581675
2016-06-24,32.6,31.452013
2016-06-26,21.9,29.342243
2016-06-27,26.4,23.118835
2016-06-28,30.3,27.881369
2016-06-29,30.3,30.331673
2016-06-30,30.0,29.887352
2016-07-01,31.4,29.683094
2016-07-02,23.7,30.316765
2016-07-03,25.1,20.665976
2016-07-04,29.5,27.570007
2016-07-05,26.9,29.956577
2016-07-07,28.6,25.69461
2016-07-08,26.6,29.09572
2016-07-09,30.6,26.128435
2016-07-10,33.7,30.935438
2016-07-11,29.5,32.482567
2016-07-14,21.0,19.274485
2016-07-15,18.9,24.168015
2016-07-17,27.9,22.715845
2016-07-18,28.9,28.251059
2016-07-19,27.7,29.3199
2016-07-20,30.7,27.086596
2016-07-21,29.1,30.893003
2016-07-22,30.1,28.996723
2016-07-23,29.1,30.215868
2016-07-24,29.0,29.55397
2016-07-25,29.6,29.728065
2016-07-26,29.0,30.709833
2016-07-27,27.0,28.972559
2016-07-28,29.0,25.22839
2016-07-29,32.0,29.159657
2016-07-30,32.6,31.44051
2016-08-02,28.5,28.554392
2016-08-03,31.3,29.494967
2016-08-04,28.6,31.349604
2016-08-06,26.2,25.671494
2016-08-07,28.9,27.665712
2016-08-08,28.0,29.90729
2016-08-09,17.5,28.188768
2016-08-11,19.2,22.787973
2016-08-12,25.1,21.424145
2016-08-13,29.9,24.930449
2016-08-14,25.7,29.89108
2016-08-16,23.8,25.706863
2016-08-18,26.8,26.778618
2016-08-19,29.0,27.352104
2016-08-20,25.2,29.123962
2016-08-22,26.6,23.503437
2016-08-23,26.5,26.859257
2016-08-24,27.1,26.981834
2016-08-25,27.9,27.144482
2016-08-26,30.0,27.205622
2016-08-27,31.5,29.57143
2016-08-28,27.4,28.970829
2016-08-29,26.0,26.02798
2016-08-31,27.8,26.188457
2016-09-01,27.5,27.376562
2016-09-03,30.5,28.249619
2016-09-04,24.9,28.465504
2016-09-05,17.4,18.52588
2016-09-06,25.8,18.003391
2016-09-07,27.8,25.163946
2016-09-08,29.1,26.867226
2016-09-09,29.1,28.036674
2016-09-10,30.5,26.983736
2016-09-11,30.3,28.575247
2016-09-12,29.6,27.703733
2016-09-13,28.0,28.026468
2016-09-14,28.1,26.1649
2016-09-15,27.7,27.842081
2016-09-16,22.7,27.005093
2016-09-18,21.2,22.485783
2016-09-19,18.4,21.715061
2016-09-21,18.6,19.19857
2016-09-23,22.4,21.710867
2016-09-24,22.6,21.452404
2016-09-25,21.7,22.201675
2016-09-26,21.4,20.495842
2016-09-27,23.6,21.01066
2016-09-28,27.6,23.843464
2016-09-30,23.8,24.894836
2016-10-01,18.7,21.83856
2016-10-02,15.9,18.64432
2016-10-05,9.0,12.924121
2016-10-06,10.8,9.665019
2016-10-08,13.6,12.93802
2016-10-10,9.8,12.475175
2016-10-12,10.8,10.535512
2016-10-13,14.7,12.025859
2016-10-14,16.6,14.222171
2016-10-15,19.0,15.599377
2016-10-17,11.8,12.828114
2016-10-18,11.4,11.449378
2016-10-19,10.5,12.247587
2016-10-21,12.9,10.60911
2016-10-22,10.9,12.211661
2016-10-23,13.6,10.63103
2016-10-24,17.4,13.113675
2016-10-25,14.4,16.106117
2016-10-28,12.9,14.015351
2016-10-29,12.1,13.169935
2016-10-31,15.1,12.4128275
2016-11-01,12.0,13.972422
2016-11-02,9.1,11.564903
2016-11-04,7.6,6.0933857
2016-11-05,8.7,8.26932
2016-11-08,7.3,5.300595
2016-11-09,10.0,7.7134333
2016-11-18,14.7,6.2650433
2016-11-19,14.1,12.80193
2016-11-24,7.2,8.887572
2016-11-25,9.9,8.519357
2016-11-26,10.1,10.098667
2016-11-29,4.3,3.2960618
2016-12-04,-0.1,0.5840147
2016-12-05,0.9,0.41609082
2016-12-06,3.8,1.3130853
2016-12-08,11.4,1.01849
2016-12-09,13.7,11.531388
2016-12-10,10.7,10.401712
2016-12-21,-2.7,-0.93041056
2016-12-22,1.9,-1.2559625
2017-01-04,3.1,4.284769
2017-01-08,-2.4,-2.0884676
2017-01-09,-3.2,-1.8778921
2017-01-14,3.2,4.036555
2017-01-16,-0.6,-0.148426
2017-01-19,-3.4,-2.2024374
2017-01-20,-2.2,-2.600987
2017-01-21,1.1,-1.66529
2017-01-22,-1.6,1.1249301
2017-01-27,-3.9,-0.1765244
2017-01-28,-4.6,-2.306149
2017-02-04,12.1,5.330949
2017-02-05,5.2,10.074206
2017-02-09,2.4,0.9532233
2017-02-10,3.1,3.3821177
2017-02-11,3.3,3.120397
2017-02-12,4.4,3.273262
2017-02-13,5.9,4.147877
2017-02-14,9.7,5.629763
2017-02-15,4.7,8.533775
2017-02-16,6.2,4.276767
2017-02-17,6.3,6.792169
2017-02-19,9.4,5.8501835
2017-02-20,11.4,9.4817705
2017-02-21,14.8,9.536185
2017-02-22,18.8,12.384032
2017-02-25,10.1,9.317116
2017-02-26,13.6,10.335724
2017-02-27,11.5,12.966657
2017-02-28,11.9,11.572557
2017-03-02,15.1,12.237574
2017-03-03,20.6,14.241052
2017-03-04,15.0,18.195477
2017-03-06,10.9,12.268339
2017-03-07,12.1,11.036731
2017-03-08,13.4,12.003657
2017-03-09,11.1,13.454084
2017-03-11,8.6,11.181457
2017-03-12,11.5,9.204909
2017-03-13,13.4,11.647248
2017-03-14,13.2,13.351376
2017-03-15,17.3,13.448564
2017-03-16,20.5,16.016178
2017-03-17,13.8,19.380098
2017-03-23,12.4,11.287866
2017-03-24,14.4,13.899493
2017-03-26,15.7,12.850535
2017-03-27,21.5,16.350967
2017-03-28,22.5,20.29601
2017-03-29,20.5,21.397997
2017-03-31,23.7,20.84042
2017-04-01,24.6,22.087057
2017-04-02,22.0,22.412945
2017-04-03,18.2,19.38683
2017-04-04,14.3,16.094952
2017-04-05,13.0,14.1996565
2017-04-10,18.0,21.871056
2017-04-12,15.3,16.325113
2017-04-15,14.5,17.65279
2017-04-19,5.5,6.135908
2017-04-20,12.9,8.537779
2017-04-21,14.0,14.485508
2017-04-23,16.7,12.885906
2017-04-24,22.2,17.106901
2017-04-25,17.2,21.556295
2017-04-27,7.3,12.4476795
2017-04-28,14.2,10.894631
2017-04-29,16.8,15.564689
2017-04-30,17.6,18.920261
2017-05-01,18.6,19.185709
2017-05-02,16.2,19.388111
2017-05-03,16.0,17.82461
2017-05-04,18.1,18.370066
2017-05-05,22.3,19.683113
2017-05-06,19.4,22.374607
2017-05-10,22.6,18.92194
2017-05-11,25.2,22.750847
2017-05-12,22.3,25.056059
2017-05-13,24.4,21.96528
2017-05-14,21.7,24.072935
2017-05-16,24.3,24.427889
2017-05-18,27.8,26.428354
2017-05-21,24.1,16.986446
2017-05-22,26.2,24.955275
2017-05-23,21.9,26.511837
2017-05-24,18.1,19.613499
2017-05-25,23.6,19.375885
2017-05-26,25.4,24.52152
2017-05-27,25.4,25.783276
2017-05-28,29.3,25.359179
2017-05-29,32.4,28.197992
2017-05-30,28.5,29.26753
2017-05-31,27.0,26.758274
2017-06-02,28.7,27.555399
2017-06-03,27.0,29.005987
2017-06-05,27.7,27.122116
2017-06-08,27.4,25.722769
2017-06-09,25.4,28.21603
2017-06-11,31.8,26.98634
2017-06-12,29.0,30.869423
2017-06-13,26.7,28.622303
2017-06-14,29.2,26.569681
2017-06-15,28.6,29.997702
2017-06-17,25.1,20.702143
2017-06-18,29.5,26.735548
2017-06-19,34.0,30.235437
2017-06-20,30.7,33.1496
2017-06-22,31.6,33.466904
2017-06-23,32.0,25.834505
2017-06-24,29.1,31.286045
2017-06-30,26.3,29.107117
2017-07-01,23.9,26.177593
2017-07-03,27.7,25.999119
2017-07-04,32.7,29.164156
2017-07-05,30.9,32.425137
2017-07-06,31.0,28.589931
2017-07-07,31.9,31.274292
2017-07-08,32.1,32.075645
2017-07-09,31.5,29.338804
2017-07-10,28.7,27.33186
2017-07-11,29.9,28.97477
2017-07-12,24.8,30.837265
2017-07-14,21.6,26.048523
2017-07-16,28.8,26.465302
2017-07-17,31.3,29.631147
2017-07-18,32.4,31.533897
2017-07-20,30.6,34.72981
2017-07-21,32.2,30.063023
2017-07-22,29.6,32.324467
2017-07-25,20.1,24.112682
2017-07-26,20.8,21.337107
2017-07-27,27.3,21.023447
2017-07-28,29.9,28.309044
2017-07-29,33.3,30.334661
2017-07-30,33.6,31.899231
2017-07-31,36.0,33.43826
2017-08-01,34.7,33.66319
2017-08-03,34.2,35.738728
2017-08-04,31.8,32.07205
2017-08-05,28.3,32.098125
2017-08-07,25.9,28.21363
2017-08-08,31.3,27.453117
2017-08-09,32.9,31.942495
2017-08-11,23.1,20.290424
2017-08-12,24.6,25.116665
2017-08-13,28.0,26.303223
2017-08-18,29.9,32.492535
2017-08-20,22.8,24.26728
2017-08-22,23.4,25.21885
2017-08-23,29.6,25.348629
2017-08-24,31.8,29.554474
2017-08-25,33.5,31.188955
2017-08-26,33.3,32.04896
2017-08-29,30.5,28.797718
2017-08-30,31.5,30.881647
2017-08-31,26.3,31.007977
2017-09-02,18.2,21.232918
2017-09-04,24.0,22.174679
2017-09-05,24.9,24.149569
2017-09-06,21.3,24.546318
2017-09-08,26.7,24.61086
2017-09-09,22.7,26.091013
2017-09-10,17.9,22.07606
2017-09-12,23.3,18.4222
2017-09-13,27.3,23.328918
2017-09-14,21.1,26.170238
2017-09-15,15.8,20.629948
2017-09-16,13.6,17.028624
2017-09-18,13.7,19.319788
2017-09-19,13.0,14.940332
2017-09-24,18.2,16.85068
2017-09-25,20.9,18.135767
2017-09-30,18.9,18.342363
2017-10-02,14.6,19.023605
2017-10-04,23.2,18.805159
2017-10-05,20.9,21.778131
2017-10-06,15.0,16.413404
2017-10-08,15.1,14.142137
2017-10-09,17.6,15.5040045
2017-10-10,21.5,17.307457
2017-10-12,20.5,19.799925
2017-10-14,21.9,18.526854
2017-10-15,21.6,19.846512
2017-10-16,19.6,18.587355
2017-10-17,18.5,18.668612
2017-10-18,15.0,17.181576
2017-10-20,15.7,13.093687
2017-10-21,13.1,15.130591
2017-10-22,11.8,13.624761
2017-10-23,13.6,12.623684
2017-10-25,18.7,16.076242
2017-10-26,14.8,17.654785
2017-10-27,11.1,12.71036
2017-10-28,14.0,11.98141
2017-10-30,9.6,10.162
2017-10-31,10.9,9.846537
2017-11-01,16.6,10.498824
2017-11-02,14.1,14.662818
2017-11-04,14.0,12.553729
2017-11-05,13.4,12.446068
2017-11-06,11.8,12.695175
2017-11-07,10.4,11.198047
2017-11-09,10.1,9.620963
2017-11-10,9.6,10.807804
2017-11-11,9.2,10.07141
2017-11-12,7.8,9.744714
2017-11-16,5.9,5.7011065
2017-11-17,7.9,6.547945
2017-11-18,6.7,7.9367266
2017-11-19,7.9,7.1535645
2017-11-25,7.6,8.798158
2017-11-29,2.2,4.9111776
2017-11-30,3.6,2.3315556
2017-12-01,1.3,4.292008
2017-12-02,2.0,1.1715835
2017-12-03,3.1,2.4300528
2017-12-04,5.3,2.9679098
2017-12-05,6.4,5.6919465
2017-12-15,5.3,5.0446296
2017-12-18,1.7,2.1213965
2017-12-19,3.3,0.6813832
2017-12-20,4.4,3.283156
2017-12-21,8.0,4.083122
2017-12-22,9.0,6.9975224
2017-12-23,9.4,7.9863744
2017-12-25,3.2,5.5445657
2017-12-30,14.8,3.77064
2017-12-31,9.2,13.772304
2018-01-01,8.4,7.801529
2018-01-03,9.6,6.250865
2018-01-09,6.5,7.015782
2018-01-10,8.1,6.6761117
2018-01-11,5.6,6.111933
2018-01-13,1.4,3.6482313
2018-01-21,1.8,3.615238
2018-01-23,6.2,6.2890887
2018-01-26,3.7,3.1403105
2018-01-27,11.7,5.001034
2018-01-28,14.4,10.389324
2018-01-29,12.5,13.244478
2018-01-31,6.2,8.579015
2018-02-01,5.5,6.206848
2018-02-03,5.0,5.6761208
2018-02-05,1.1,3.1229637
2018-02-06,1.2,2.1306422
2018-02-07,1.6,2.3717988
2018-02-08,2.8,3.029112
2018-02-09,0.4,3.8928335
2018-02-10,6.1,1.5278645
2018-02-11,5.8,5.561267
2018-02-12,2.4,5.9079823
2018-02-13,3.3,3.2598126
2018-02-14,3.9,3.747993
2018-02-15,5.4,4.4306736
2018-02-16,2.2,6.257988
2018-02-17,3.0,2.8453517
2018-02-18,4.2,4.4301257
2018-02-19,0.8,4.294638
2018-02-20,0.5,1.8302207
2018-02-21,1.6,2.2137532
2018-02-23,0.3,1.2668502
2018-02-24,-3.3,0.17531195
2018-02-26,-7.9,-3.9099789
2018-02-27,-6.3,-5.440229
2018-02-28,-5.5,-4.187309
2018-03-05,1.9,1.3905917
2018-03-06,12.6,3.6950958
2018-03-07,11.8,10.656833
2018-03-09,14.2,12.548118
2018-03-10,15.9,13.307953
2018-03-11,15.5,15.004589
2018-03-13,10.4,14.944879
2018-03-15,10.6,9.256038
